fishid,supervised assignments
2011_FMWT_1892,MIG
2011_FMWT_1895,MIG
2011_FMWT_1896,MIG
2011_FMWT_2059,FWR
2011_FMWT_2061,MIG
2011_FMWT_2062,MIG
2011_FMWT_2063,FWR
2011_FMWT_2384,MIG
2011_FMWT_2386,MIG
2011_FMWT_2387,MIG
2011_FMWT_2399,MIG
2011_FMWT_2836,MIG
2011_FMWT_2846,BWR
2011_FMWT_2847,MIG
2011_FMWT_2849,MIG
2011_FMWT_2855,MIG
2011_FMWT_2975,MIG
2011_FMWT_2976,MIG
2011_FMWT_2977,MIG
2011_FMWT_2978,MIG
2011_FMWT_2979,MIG
2011_FMWT_2980,FWR
2011_FMWT_2981,MIG
2011_FMWT_2982,MIG
2011_FMWT_3041,FWR
2011_FMWT_3042,MIG
2011_FMWT_3044,MIG
2011_FMWT_3045,MIG
2011_FMWT_3046,MIG
2011_FMWT_3198,MIG
2011_FMWT_3213,BWR
2011_FMWT_3214,MIG
2011_FMWT_3215,MIG
2011_FMWT_3216,BWR
2011_FMWT_3217,MIG
2011_FMWT_3220,BWR
2011_FMWT_3222,BWR
2011_FMWT_3223,MIG
2011_FMWT_3228,BWR
2011_FMWT_3230,MIG
2011_FMWT_3236,MIG
2011_FMWT_3239,MIG
2011_FMWT_3240,MIG
2011_FMWT_3241,MIG
2011_FMWT_3242,MIG
2011_FMWT_3243,MIG
2011_FMWT_3244,MIG
2011_FMWT_3248,MIG
2011_FMWT_3249,MIG
2011_FMWT_3250,MIG
2011_FMWT_3251,MIG
2011_FMWT_3252,MIG
2011_FMWT_3253,MIG
2011_FMWT_3263,BWR
2011_FMWT_3264,MIG
2011_FMWT_3271,MIG
2011_FMWT_3321,MIG
2011_FMWT_3322,MIG
2011_FMWT_3323,MIG
2011_FMWT_3324,MIG
2011_FMWT_3325,MIG
2011_FMWT_3326,MIG
2011_FMWT_3327,MIG
2011_FMWT_3328,MIG
2011_FMWT_3329,MIG
2011_FMWT_3330,MIG
2011_FMWT_3331,MIG
2011_FMWT_3332,MIG
2011_FMWT_3333,MIG
2011_FMWT_3334,MIG
2011_FMWT_3335,BWR
2011_FMWT_3336,MIG
2011_FMWT_3338,MIG
2011_FMWT_3339,MIG
2011_FMWT_3340,MIG
2011_FMWT_3341,MIG
2011_FMWT_3342,MIG
2011_FMWT_3343,MIG
2011_FMWT_3344,MIG
2011_FMWT_3345,MIG
2011_FMWT_3346,MIG
2011_FMWT_3347,MIG
2011_FMWT_3349,MIG
2011_FMWT_3350,BWR
2011_FMWT_3351,MIG
2011_FMWT_3352,MIG
2011_FMWT_3353,MIG
2011_FMWT_3354,MIG
2011_FMWT_3355,MIG
2011_FMWT_3356,MIG
2011_FMWT_3357,MIG
2011_FMWT_3358,MIG
2011_FMWT_3359,MIG
2011_FMWT_3364,MIG
2011_FMWT_3365,MIG
2011_FMWT_3366,MIG
2011_FMWT_3367,BWR
2011_FMWT_3369,MIG
2011_FMWT_3370,MIG
2011_FMWT_3371,MIG
2011_FMWT_3372,MIG
2011_FMWT_3373,MIG
2011_FMWT_3375,MIG
2011_FMWT_3377,MIG
2011_FMWT_3378,MIG
2011_FMWT_3379,MIG
2011_FMWT_3380,MIG
2011_FMWT_3381,MIG
2011_FMWT_3382,MIG
2011_FMWT_3383,BWR
2011_FMWT_3384,MIG
2011_FMWT_3385,MIG
2011_FMWT_3396,MIG
2011_FMWT_3397,MIG
2011_FMWT_3398,MIG
2011_FMWT_3399,MIG
2011_FMWT_3400,MIG
2011_FMWT_3401,BWR
2011_FMWT_3402,BWR
2011_FMWT_3416,BWR
2011_FMWT_3417,MIG
2011_FMWT_3418,MIG
2011_FMWT_3419,MIG
2011_FMWT_3420,MIG
2011_FMWT_3421,MIG
2011_FMWT_3422,MIG
2011_FMWT_3423,MIG
2011_FMWT_3424,MIG
2011_FMWT_3425,MIG
2011_YB_0002,MIG
2011_YB_0003,MIG
2012_FMWT_5655,BWR
2012_FMWT_5656,MIG
2012_FMWT_5685,MIG
2012_FMWT_5686,MIG
2012_FMWT_5688,MIG
2012_FMWT_5689,MIG
2012_FMWT_5704,MIG
2012_FMWT_5705,FWR
2012_FMWT_5706,MIG
2012_FMWT_5707,MIG
2012_FMWT_5708,MIG
2012_FMWT_5709,MIG
2012_FMWT_5712,MIG
2012_FMWT_5713,MIG
2012_FMWT_5721,MIG
2012_FMWT_5722,MIG
2012_FMWT_5723,MIG
2012_FMWT_5724,MIG
2012_FMWT_5804,FWR
2012_FMWT_5835,FWR
2012_FMWT_5932,MIG
2012_FMWT_5933,MIG
2012_FMWT_5934,MIG
2012_FMWT_5937,MIG
2012_FMWT_5939,MIG
2012_FMWT_5940,BWR
2012_FMWT_5941,MIG
2012_FMWT_5942,BWR
2012_FMWT_5944,BWR
2012_FMWT_5987,FWR
2012_FMWT_6017,FWR
2012_FMWT_6100,MIG
2012_FMWT_6110,MIG
2012_FMWT_6112,MIG
2012_FMWT_6113,BWR
2012_FMWT_6114,MIG
2012_FMWT_6115,MIG
2012_FMWT_6141,FWR
2012_FMWT_6148,FWR
2012_GES_4207,MIG
2012_GES_4211,MIG
2012_GES_4212,MIG
2012_GES_4226,MIG
2012_GES_4241,MIG
2012_GES_4243,MIG
2012_GES_4270,MIG
2012_GES_4273,MIG
2012_GES_4280,MIG
2012_GES_4283,MIG
2012_GES_4297,BWR
2012_GES_4298,MIG
2012_GES_4672,FWR
2012_GES_4673,MIG
2012_GES_4674,BWR
2012_GES_4675,MIG
2012_GES_4676,MIG
2012_GES_4677,MIG
2012_GES_4679,MIG
2012_GES_4680,MIG
2012_GES_4681,MIG
2012_GES_4682,BWR
2012_GES_4683,MIG
2012_GES_4684,MIG
2012_GES_4685,MIG
2012_GES_4687,MIG
2012_GES_4688,MIG
2012_GES_4690,MIG
2012_GES_4693,MIG
2012_GES_4694,MIG
2012_GES_4695,MIG
2012_GES_4696,MIG
2012_GES_4698,MIG
2012_GES_4702,MIG
2012_GES_4705,MIG
2012_GES_4707,MIG
2012_GES_4708,MIG
2012_GES_4710,MIG
2012_GES_4711,MIG
2012_GES_4713,MIG
2012_GES_4717,MIG
2012_GES_4720,MIG
2012_GES_4721,BWR
2012_YB_0001,BWR
2012_YB_0003,MIG
2012_YB_0004,MIG
2012_YB_0005,FWR
2012_YB_0007,MIG
2012_YB_0008,MIG
2012_YB_0009,MIG
2012_YB_0011,MIG
2012_YB_0012,MIG
2012_YB_0014,MIG
2012_YB_0017,MIG
2012_YB_0028,MIG
2013_FMWT_0323,MIG
2013_FMWT_0348,MIG
2013_FMWT_0536,MIG
2013_FMWT_0544,MIG
2013_FMWT_0679,MIG
2013_FMWT_0794,MIG
2013_FMWT_0798,MIG
2013_FMWT_0805,MIG
2013_FMWT_0808,MIG
2013_FMWT_0816,MIG
2013_FMWT_0830,MIG
2013_FMWT_0841,MIG
2013_GES_5138,MIG
2013_GES_5139,MIG
2013_GES_5142,MIG
2013_GES_5143,MIG
2013_GES_5146,MIG
2013_GES_5149,MIG
2013_GES_5152,MIG
2013_GES_5155,MIG
2013_GES_5156,MIG
2013_GES_5160,MIG
2013_GES_5165,MIG
2013_GES_5166,MIG
2013_GES_5168,MIG
2013_GES_5169,MIG
2013_GES_5172,MIG
2013_GES_5174,MIG
2013_GES_5175,MIG
2013_GES_5178,MIG
2013_GES_5185,MIG
2013_GES_5191,MIG
2013_GES_5194,MIG
2013_GES_5196,MIG
2013_GES_5203,MIG
2013_GES_5205,MIG
2013_GES_5210,MIG
2013_GES_5213,MIG
2013_GES_5215,MIG
2013_GES_5216,MIG
2013_GES_5221,MIG
2013_GES_5224,MIG
2013_GES_5225,MIG
2013_GES_5230,MIG
2013_GES_5234,MIG
2013_GES_5237,MIG
2013_GES_5238,MIG
2013_GES_5239,MIG
2013_GES_5241,MIG
2013_GES_5246,MIG
2013_GES_5248,MIG
2013_GES_5254,MIG
2013_GES_5259,MIG
2013_GES_5268,MIG
2013_GES_5271,MIG
2013_GES_5272,MIG
2013_GES_5273,MIG
2013_GES_5274,MIG
2013_GES_5279,MIG
2013_GES_5280,MIG
2013_GES_5283,MIG
2013_GES_5287,MIG
2013_GES_5290,MIG
2013_GES_5297,MIG
2013_GES_5298,MIG
2013_GES_5299,MIG
2013_GES_5302,MIG
2013_GES_5305,MIG
2013_GES_5308,MIG
2013_GES_5310,MIG
2013_GES_5313,MIG
2013_GES_5318,MIG
2013_GES_5319,MIG
2013_GES_5320,MIG
2013_GES_5323,MIG
2013_GES_5329,MIG
2013_GES_5330,MIG
2013_GES_5331,MIG
2013_GES_5333,MIG
2013_GES_5340,MIG
2013_GES_5341,MIG
2013_GES_5343,MIG
2013_GES_5345,MIG
2013_GES_5347,MIG
2013_GES_5350,MIG
2013_GES_5352,MIG
2013_GES_5353,MIG
2013_GES_5354,MIG
2013_GES_5479,MIG
2013_GES_5687,MIG
2013_GES_5688,MIG
2013_GES_5695,MIG
2013_GES_5698,MIG
2013_GES_5699,MIG
2013_GES_5700,MIG
2013_GES_5703,MIG
2013_GES_5704,MIG
2013_GES_5705,MIG
2013_GES_5707,MIG
2013_GES_5708,MIG
2013_GES_5709,MIG
2013_GES_5711,MIG
2013_GES_5714,MIG
2013_GES_5719,MIG
2013_GES_5722,MIG
2013_GES_5724,MIG
2013_GES_5726,MIG
2013_GES_5728,MIG
2013_GES_5730,MIG
2013_YB_0008,MIG
2013_YB_0009,MIG
2013_YB_0010,MIG
2013_YB_0012,FWR
2013_YB_0014,MIG
2013_YB_0015,MIG
2013_YB_0016,MIG
2013_YB_0017,MIG
2013_YB_0018,MIG
2013_YB_0019,MIG
2013_YB_0020,MIG
2013_YB_0021,MIG
2013_YB_0022,MIG
2013_YB_0023,MIG
2013_YB_0024,FWR
2013_YB_0026,FWR
2013_YB_0027,MIG
2013_YB_0028,MIG
2013_YB_0029,MIG
2013_YB_0030,MIG
2013_YB_0032,MIG
2013_YB_0033,MIG
2013_YB_0034,MIG
2013_YB_0035,MIG
2013_YB_0037,BWR
2013_YB_0039,MIG
2014_FMWT_7001,MIG
2014_FMWT_7003,MIG
2014_FMWT_7005,FWR
2014_FMWT_7006,MIG
2014_FMWT_7007,MIG
2014_FMWT_7008,MIG
2014_FMWT_7009,MIG
2014_FMWT_7010,MIG
2014_FMWT_7011,MIG
2014_FMWT_7012,MIG
2014_FMWT_7013,MIG
2014_FMWT_7014,BWR
2014_FMWT_7015,MIG
2014_FMWT_7016,BWR
2014_FMWT_7017,MIG
2014_FMWT_7018,MIG
2014_FMWT_7019,MIG
2014_FMWT_7020,MIG
2014_FMWT_7021,MIG
2014_FMWT_7022,MIG
2014_FMWT_7024,BWR
2014_FMWT_7025,MIG
2014_FMWT_7026,MIG
2014_FMWT_7027,BWR
2014_FMWT_7028,MIG
2014_FMWT_7029,MIG
2014_FMWT_7030,MIG
2014_FMWT_7031,MIG
2014_FMWT_7032,MIG
2014_FMWT_7033,MIG
2014_FMWT_7034,MIG
2014_FMWT_7035,MIG
2014_FMWT_7036,MIG
2014_FMWT_7037,FWR
2014_SFBS_0002,MIG
2014_SFBS_0003,MIG
2014_SFBS_0005,MIG
2014_SFBS_0006,MIG
2014_SFBS_0007,MIG
2014_SFBS_0008,MIG
2014_YB_0001,FWR
2014_YB_0003,FWR
2014_YB_0005,MIG
2014_YB_0006,MIG
2014_YB_0007,MIG
2014_YB_0008,MIG
2014_YB_0010,MIG
2014_YB_0012,BWR
2014_YB_0013,MIG
2014_YB_0015,MIG
2014_YB_0016,MIG
2014_YB_0017,MIG
2014_YB_0018,MIG
2014_YB_0019,MIG
2014_YB_0022,MIG
2014_YB_0024,MIG
2014_YB_0027,MIG
2015_FMWT_7256,MIG
2015_FMWT_7258,MIG
2015_FMWT_7259,MIG
2015_FMWT_7260,FWR
2015_FMWT_7261,BWR
2015_FMWT_7262,MIG
2015_SFBS_0006,MIG
2015_SFBS_0009,MIG
2015_SFBS_0010,MIG
2015_SFBS_0013,MIG
2015_SFBS_0015,MIG
2015_SFBS_0018,MIG
2015_SFBS_0023,MIG
2015_SFBS_0024,MIG
2015_SFBS_0049,MIG
2015_SFBS_0051,MIG
2015_SFBS_0052,MIG
2015_SFBS_0053,MIG
2015_SFBS_0054,MIG
2015_YB_0001,MIG
2015_YB_0003,MIG
2015_YB_0004,MIG
2015_YB_0006,MIG
2015_YB_0007,MIG
2015_YB_0008,MIG
2015_YB_0010,MIG
2016_FMWT_7322,MIG
2016_FMWT_7323,MIG
2016_FMWT_7324,MIG
2016_FMWT_7325,MIG
2016_FMWT_7326,MIG
2016_FMWT_7337,MIG
2016_FMWT_7338,MIG
2016_SFBS_0001,MIG
2016_YB_0001,MIG
2016_YB_0005,MIG
2016_YB_0006,MIG
2016_YB_0007,MIG
2016_YB_0008,MIG
2017_EDSM_0024,MIG
2017_EDSM_0025,MIG
2017_EDSM_0026,MIG
2017_EDSM_0032,MIG
2017_EDSM_0034,MIG
2017_EDSM_0036,MIG
2017_EDSM_0038,BWR
2017_EDSM_0039,MIG
2017_EDSM_0040,BWR
2017_EDSM_0042,MIG
2017_EDSM_0043,MIG
2017_EDSM_0044,MIG
2017_EDSM_0045,MIG
2017_EDSM_0046,MIG
2017_EDSM_0048,MIG
2017_EDSM_0049,BWR
2017_EDSM_0051,MIG
2017_EDSM_0052,MIG
2017_EDSM_0053,MIG
2017_EDSM_0055,MIG
2017_EDSM_0057,MIG
2017_EDSM_0059,MIG
2017_EDSM_0061,MIG
2017_EDSM_0063,MIG
2017_EDSM_0159,MIG
2017_EDSM_0168,MIG
2017_EDSM_0174,MIG
2017_EDSM_0175,MIG
2017_EDSM_0176,MIG
2017_EDSM_0178,MIG
2017_EDSM_0180,MIG
2017_EDSM_0181,MIG
2017_EDSM_0182,MIG
2017_EDSM_0183,MIG
2014_SKT_0572,MIG
2014_SKT_0575,MIG
2014_SKT_0504,MIG
2014_SKT_0117,MIG
2014_SKT_0328,MIG
2014_SKT_0108,MIG
2014_SKT_0183,MIG
2014_SKT_0330,MIG
2014_SKT_0170,MIG
2014_SKT_0172,MIG
2014_SKT_0153,MIG
2014_SKT_0180,MIG
2014_SKT_0109,BWR
2014_SKT_0306,BWR
2014_SKT_0322,MIG
2014_SKT_0106,MIG
2014_SKT_0333,MIG
2014_SKT_0339,MIG
2014_SKT_0318,MIG
2011_SKT_0001,MIG
2011_SKT_0010,MIG
2014_SKT_0313,MIG
2014_SKT_0188,MIG
2014_SKT_0186,BWR
2014_SKT_0197,BWR
2014_SKT_0156,MIG
2014_SKT_0133,MIG
2014_SKT_0563,BWR
2014_SKT_0577,MIG
2014_SKT_0556,MIG
2014_SKT_0557,MIG
2014_SKT_0564,BWR
2014_SKT_0566,MIG
2014_SKT_0505,MIG
2014_SKT_0574,MIG
2014_SKT_0561,MIG
2014_SKT_0543,FWR
2014_SKT_0513,MIG
2014_SKT_0550,MIG
2011_SKT_0011,FWR
2014_SKT_0547,FWR
2014_SKT_0519,MIG
2014_SKT_0521,FWR
2014_SKT_0400,MIG
2014_SKT_0560,MIG
2014_SKT_0579,MIG
2014_SKT_0528,FWR
2014_SKT_0537,MIG
2014_SKT_0555,MIG
2014_SKT_0540,FWR
2014_SKT_0515,MIG
2014_SKT_0501,MIG
2014_SKT_0526,MIG
2014_SKT_0533,MIG
2014_SKT_0507,FWR
2014_SKT_0008,MIG
2014_SKT_0004,MIG
2014_SKT_0509,MIG
2014_SKT_0512,FWR
2014_SKT_0522,FWR
2014_SKT_0536,FWR
2014_SKT_0558,MIG
2014_SKT_0534,MIG
2014_SKT_0027,MIG
2014_SKT_0030,MIG
2014_SKT_0021,MIG
2014_SKT_0025,MIG
2014_SKT_0024,MIG
2014_SKT_0013,FWR
2014_SKT_0015,FWR
2014_SKT_0020,FWR
2014_SKT_0026,MIG
2014_SKT_0018,FWR
2014_SKT_0016,FWR
2014_SKT_0019,FWR
2014_SKT_0022,FWR
2014_SKT_0032,FWR
2011_SKT_0123,MIG
2011_SKT_0128,MIG
2011_SKT_0129,MIG
2011_SKT_0013,MIG
2014_SKT_0017,MIG
2014_SKT_0012,MIG
2014_SKT_0028,MIG
2014_SKT_0029,FWR
2014_SKT_0014,FWR
2014_SKT_0569,MIG
2014_SKT_0523,MIG
2011_SKT_0130,MIG
2011_SKT_0131,MIG
2011_SKT_0132,MIG
2011_SKT_0133,MIG
2011_SKT_0134,MIG
2011_SKT_0135,FWR
2011_SKT_0136,FWR
2011_SKT_0137,MIG
2011_SKT_0138,MIG
2011_SKT_0139,MIG
2011_SKT_0014,MIG
2011_SKT_0140,FWR
2011_SKT_0141,FWR
2011_SKT_0142,MIG
2011_SKT_0143,FWR
2011_SKT_0144,FWR
2011_SKT_0145,MIG
2011_SKT_0148,FWR
2011_SKT_0149,FWR
2011_SKT_0015,MIG
2011_SKT_0150,MIG
2011_SKT_0151,FWR
2011_SKT_0152,FWR
2011_SKT_0153,FWR
2011_SKT_0154,FWR
2011_SKT_0155,FWR
2011_SKT_0156,FWR
2011_SKT_0157,FWR
2011_SKT_0158,FWR
2011_SKT_0159,FWR
2011_SKT_0016,MIG
2011_SKT_0160,FWR
2011_SKT_0161,MIG
2011_SKT_0162,FWR
2011_SKT_0163,FWR
2011_SKT_0165,FWR
2011_SKT_0166,FWR
2011_SKT_0168,FWR
2011_SKT_0017,FWR
2011_SKT_0170,MIG
2011_SKT_0171,FWR
2011_SKT_0173,FWR
2011_SKT_0178,MIG
2011_SKT_0018,MIG
2011_SKT_0019,MIG
2011_SKT_0190,MIG
2011_SKT_0198,MIG
2011_SKT_0002,MIG
2011_SKT_0020,MIG
2013_SKT_6453,MIG
2013_SKT_6418,FWR
2013_SKT_6405,MIG
2013_SKT_6446,BWR
2013_SKT_6419,FWR
2013_SKT_6412,MIG
2013_SKT_6444,MIG
2013_SKT_6431,FWR
2013_SKT_6438,FWR
2013_SKT_6426,FWR
2013_SKT_6409,MIG
2013_SKT_6398,MIG
2013_SKT_6423,FWR
2013_SKT_6435,FWR
2013_SKT_6401,MIG
2013_SKT_6424,MIG
2013_SKT_6456,MIG
2013_SKT_6390,MIG
2013_SKT_6416,MIG
2013_SKT_6407,MIG
2013_SKT_6413,MIG
2013_SKT_6417,FWR
2013_SKT_6236,FWR
2013_SKT_6286,MIG
2013_SKT_6351,FWR
2013_SKT_6386,MIG
2013_SKT_6260,BWR
2013_SKT_6245,FWR
2013_SKT_6259,FWR
2013_SKT_6261,MIG
2013_SKT_6256,FWR
2013_SKT_6208,MIG
2013_SKT_6288,MIG
2013_SKT_6209,MIG
2013_SKT_6257,MIG
2013_SKT_6258,FWR
2013_SKT_6397,MIG
2013_SKT_6233,FWR
2013_SKT_6217,FWR
2013_SKT_6255,FWR
2013_SKT_6272,MIG
2013_SKT_6282,MIG
2013_SKT_6432,FWR
2013_SKT_6289,FWR
2013_SKT_6287,MIG
2013_SKT_6214,FWR
2013_SKT_6207,MIG
2013_SKT_6275,MIG
2013_SKT_6436,MIG
2013_SKT_6427,FWR
2013_SKT_6396,MIG
2013_SKT_6433,BWR
2013_SKT_6440,BWR
2013_SKT_6422,MIG
2013_SKT_6414,MIG
2013_SKT_6447,BWR
2013_SKT_6439,FWR
2013_SKT_6429,FWR
2013_SKT_6441,MIG
2013_SKT_6410,BWR
2013_SKT_6399,MIG
2013_SKT_6448,MIG
2013_SKT_6400,MIG
2013_SKT_6406,MIG
2013_SKT_6415,BWR
2013_SKT_6445,MIG
2013_SKT_6437,FWR
2013_SKT_6443,BWR
2013_SKT_6450,MIG
2013_SKT_6428,FWR
2013_SKT_6434,FWR
2013_SKT_6404,MIG
2013_SKT_6294,FWR
2013_SKT_6389,MIG
2013_SKT_6402,MIG
2013_SKT_6378,MIG
2013_SKT_6327,FWR
2013_SKT_6310,MIG
2013_SKT_6354,FWR
2013_SKT_6374,MIG
2013_SKT_6420,MIG
2013_SKT_6403,MIG
2013_SKT_6318,FWR
2013_SKT_6320,MIG
2013_SKT_6452,MIG
2013_SKT_6421,FWR
2013_SKT_6356,MIG
2013_SKT_6298,FWR
2013_SKT_6372,MIG
2013_SKT_6339,FWR
2013_SKT_6371,MIG
2013_SKT_6366,MIG
2013_SKT_6451,MIG
2013_SKT_6353,FWR
2013_SKT_6312,FWR
2013_SKT_6383,MIG
2013_SKT_6299,MIG
2013_SKT_6328,FWR
2013_SKT_6379,MIG
2013_SKT_6300,FWR
2013_SKT_6641,MIG
2013_SKT_6265,MIG
2013_SKT_6388,MIG
2013_SKT_6348,FWR
2013_SKT_6369,MIG
2013_SKT_6302,FWR
2013_SKT_6637,MIG
2013_SKT_6457,BWR
2013_SKT_6201,BWR
2013_SKT_6346,FWR
2013_SKT_6316,MIG
2013_SKT_6266,MIG
2013_SKT_6281,MIG
2013_SKT_6640,MIG
2013_SKT_6331,FWR
2013_SKT_6358,MIG
2013_SKT_6198,MIG
2013_SKT_6458,MIG
2013_SKT_6459,BWR
2013_SKT_6377,MIG
2013_SKT_6323,FWR
2013_SKT_6376,BWR
2013_SKT_6205,MIG
2013_SKT_6373,MIG
2013_SKT_6212,FWR
2013_SKT_6242,FWR
2013_SKT_6330,FWR
2013_SKT_6196,MIG
2013_SKT_6343,FWR
2013_SKT_6340,MIG
2013_SKT_6370,MIG
2013_SKT_6234,MIG
2013_SKT_6380,MIG
2013_SKT_6336,FWR
2013_SKT_6309,FWR
2013_SKT_6210,FWR
2013_SKT_6237,MIG
2013_SKT_6322,FWR
2013_SKT_6341,MIG
2013_SKT_6329,FWR
2013_SKT_6324,FWR
2013_SKT_6244,MIG
2013_SKT_6220,FWR
2013_SKT_6225,FWR
2013_SKT_6252,FWR
2013_SKT_6247,FWR
2013_SKT_6408,MIG
2013_SKT_6227,FWR
2013_SKT_6367,MIG
2013_SKT_6246,FWR
2013_SKT_6222,FWR
2013_SKT_6235,FWR
2013_SKT_6442,MIG
2013_SKT_6226,MIG
2013_SKT_6229,FWR
2013_SKT_6232,MIG
2013_SKT_6240,FWR
2013_SKT_6219,FWR
2013_SKT_6362,BWR
2013_SKT_6213,FWR
2013_SKT_6215,FWR
2013_SKT_6239,FWR
2013_SKT_6223,FWR
2013_SKT_6425,FWR
2013_SKT_6221,FWR
2013_SKT_6218,MIG
2013_SKT_6241,FWR
2013_SKT_6264,MIG
2013_SKT_6283,MIG
2013_SKT_6262,MIG
2013_SKT_6271,BWR
2013_SKT_6216,MIG
2013_SKT_6224,FWR
2013_SKT_6263,MIG
2013_SKT_6276,MIG
2013_SKT_6231,FWR
2013_SKT_6268,MIG
2013_SKT_6279,BWR
2013_SKT_6228,FWR
2013_SKT_6274,MIG
2013_SKT_6270,FWR
2013_SKT_6243,FWR
2013_SKT_6230,FWR
2013_SKT_6284,MIG
2013_SKT_6278,MIG
2013_SKT_6254,FWR
2013_SKT_6211,FWR
2013_SKT_6251,FWR
2013_SKT_6249,FWR
2013_SKT_6472,MIG
2013_SKT_6471,MIG
2013_SKT_6474,MIG
2013_SKT_6478,MIG
2013_SKT_6277,MIG
2013_SKT_6639,FWR
2013_SKT_6473,MIG
2013_SKT_6475,MIG
2013_SKT_6466,MIG
2013_SKT_6280,MIG
2013_SKT_6635,MIG
2013_SKT_6454,MIG
2013_SKT_6455,BWR
2013_SKT_6470,BWR
2013_SKT_6477,MIG
2013_SKT_6273,MIG
2013_SKT_6301,MIG
2013_SKT_6467,MIG
2013_SKT_6476,FWR
2013_SKT_6468,MIG
2013_SKT_6636,MIG
2013_SKT_6297,MIG
2011_SKT_0021,FWR
2011_SKT_0212,MIG
2011_SKT_0215,MIG
2011_SKT_0219,MIG
2011_SKT_0022,MIG
2011_SKT_0228,MIG
2011_SKT_0233,MIG
2011_SKT_0024,MIG
2011_SKT_0240,MIG
2011_SKT_0242,MIG
2011_SKT_0243,MIG
2011_SKT_0245,MIG
2011_SKT_0246,FWR
2011_SKT_0247,MIG
2011_SKT_0248,MIG
2011_SKT_0249,MIG
2011_SKT_0025,MIG
2011_SKT_0250,MIG
2011_SKT_0251,MIG
2011_SKT_0252,FWR
2011_SKT_0253,MIG
2011_SKT_0254,MIG
2011_SKT_0255,MIG
2011_SKT_0258,MIG
2011_SKT_0259,FWR
2011_SKT_0026,MIG
2011_SKT_0260,BWR
2011_SKT_0263,MIG
2011_SKT_0027,FWR
2011_SKT_0273,MIG
2011_SKT_0028,FWR
2011_SKT_0285,MIG
2011_SKT_0289,MIG
2011_SKT_0029,MIG
2011_SKT_0291,FWR
2011_SKT_0292,MIG
2011_SKT_0293,MIG
2011_SKT_0295,MIG
2011_SKT_0296,FWR
2011_SKT_0297,FWR
2011_SKT_0298,FWR
2011_SKT_0299,MIG
2011_SKT_0003,MIG
2011_SKT_0030,FWR
2011_SKT_0300,FWR
2011_SKT_0301,FWR
2011_SKT_0302,MIG
2011_SKT_0303,FWR
2011_SKT_0304,FWR
2011_SKT_0305,FWR
2011_SKT_0306,MIG
2011_SKT_0307,MIG
2011_SKT_0308,FWR
2011_SKT_0309,FWR
2011_SKT_0031,MIG
2011_SKT_0310,FWR
2011_SKT_0311,MIG
2011_SKT_0312,FWR
2011_SKT_0313,FWR
2011_SKT_0314,MIG
2011_SKT_0315,FWR
2011_SKT_0316,FWR
2011_SKT_0317,MIG
2011_SKT_0032,MIG
2011_SKT_0324,MIG
2011_SKT_0327,MIG
2011_SKT_0033,MIG
2011_SKT_0034,FWR
2011_SKT_0035,FWR
2011_SKT_0351,MIG
2011_SKT_0352,MIG
2011_SKT_0356,MIG
2011_SKT_0357,MIG
2011_SKT_0358,FWR
2011_SKT_0359,MIG
2011_SKT_0360,FWR
2011_SKT_0361,FWR
2011_SKT_0362,FWR
2011_SKT_0363,FWR
2011_SKT_0364,FWR
2011_SKT_0365,MIG
2011_SKT_0366,MIG
2011_SKT_0367,MIG
2011_SKT_0368,MIG
2011_SKT_0369,FWR
2011_SKT_0037,FWR
2011_SKT_0371,MIG
2011_SKT_0372,MIG
2011_SKT_0373,MIG
2011_SKT_0374,FWR
2011_SKT_0038,FWR
2011_SKT_0039,FWR
2011_SKT_0004,MIG
2012_SKT_4000,MIG
2012_SKT_4002,MIG
2012_SKT_4005,MIG
2012_SKT_4007,MIG
2012_SKT_4008,MIG
2012_SKT_4009,MIG
2012_SKT_4014,MIG
2012_SKT_4018,MIG
2012_SKT_4022,MIG
2012_SKT_4026,MIG
2012_SKT_4033,MIG
2012_SKT_4037,MIG
2012_SKT_4043,BWR
2012_SKT_4045,MIG
2012_SKT_4049,MIG
2012_SKT_4057,MIG
2012_SKT_4062,MIG
2012_SKT_4064,MIG
2012_SKT_4067,BWR
2012_SKT_4071,MIG
2012_SKT_4080,BWR
2012_SKT_4084,MIG
2012_SKT_4090,MIG
2012_SKT_4093,MIG
2012_SKT_4097,MIG
2011_SKT_0041,FWR
2012_SKT_4102,MIG
2012_SKT_4105,MIG
2012_SKT_4106,MIG
2012_SKT_4109,MIG
2012_SKT_4113,MIG
2012_SKT_4118,FWR
2012_SKT_4120,FWR
2012_SKT_4125,MIG
2012_SKT_4130,MIG
2012_SKT_4134,MIG
2012_SKT_4138,MIG
2012_SKT_4144,FWR
2012_SKT_4146,MIG
2012_SKT_4152,FWR
2012_SKT_4156,FWR
2012_SKT_4161,FWR
2012_SKT_4165,FWR
2012_SKT_4169,FWR
2012_SKT_4174,FWR
2012_SKT_4182,FWR
2012_SKT_4186,FWR
2012_SKT_4194,MIG
2012_SKT_4198,MIG
2011_SKT_0042,MIG
2012_SKT_4205,FWR
2012_SKT_4211,FWR
2012_SKT_4218,FWR
2012_SKT_4221,FWR
2012_SKT_4223,MIG
2012_SKT_4226,FWR
2012_SKT_4231,MIG
2012_SKT_4235,MIG
2012_SKT_4242,MIG
2012_SKT_4244,BWR
2012_SKT_4248,MIG
2012_SKT_4250,MIG
2012_SKT_4251,MIG
2012_SKT_4253,BWR
2012_SKT_4257,MIG
2012_SKT_4259,MIG
2012_SKT_4272,MIG
2012_SKT_4273,MIG
2012_SKT_4274,MIG
2012_SKT_4288,MIG
2012_SKT_4292,MIG
2012_SKT_4298,MIG
2011_SKT_0043,MIG
2012_SKT_4300,MIG
2012_SKT_4313,MIG
2012_SKT_4328,MIG
2012_SKT_4355,MIG
2012_SKT_4381,MIG
2012_SKT_4391,MIG
2011_SKT_0044,FWR
2012_SKT_4402,MIG
2012_SKT_4410,MIG
2012_SKT_4423,MIG
2012_SKT_4435,BWR
2012_SKT_4445,MIG
2012_SKT_4451,FWR
2012_SKT_4458,FWR
2012_SKT_4472,FWR
2012_SKT_4475,MIG
2012_SKT_4481,MIG
2012_SKT_4487,FWR
2012_SKT_4501,FWR
2012_SKT_4511,MIG
2012_SKT_4517,MIG
2012_SKT_4521,BWR
2012_SKT_4523,MIG
2012_SKT_4525,MIG
2012_SKT_4533,MIG
2012_SKT_4534,MIG
2012_SKT_4538,BWR
2012_SKT_4572,MIG
2012_SKT_4578,MIG
2012_SKT_4584,MIG
2012_SKT_4585,MIG
2012_SKT_4586,MIG
2012_SKT_4592,MIG
2012_SKT_4593,MIG
2012_SKT_4599,MIG
2011_SKT_0046,MIG
2012_SKT_4601,MIG
2012_SKT_4605,MIG
2012_SKT_4608,MIG
2012_SKT_4620,FWR
2012_SKT_4626,MIG
2012_SKT_4627,MIG
2012_SKT_4632,MIG
2012_SKT_4640,FWR
2012_SKT_4646,MIG
2012_SKT_4666,FWR
2012_SKT_4667,FWR
2012_SKT_4676,MIG
2012_SKT_4678,MIG
2012_SKT_4680,MIG
2012_SKT_4686,MIG
2012_SKT_4693,MIG
2012_SKT_4694,FWR
2012_SKT_4706,MIG
2012_SKT_4709,MIG
2012_SKT_4713,MIG
2012_SKT_4716,FWR
2012_SKT_4721,FWR
2012_SKT_4737,MIG
2011_SKT_0048,MIG
2011_SKT_0049,FWR
2012_SKT_4901,BWR
2012_SKT_4907,BWR
2012_SKT_4909,MIG
2012_SKT_4911,MIG
2012_SKT_4914,MIG
2012_SKT_4918,BWR
2012_SKT_4929,BWR
2012_SKT_4930,FWR
2012_SKT_4932,MIG
2012_SKT_4933,MIG
2012_SKT_4934,MIG
2012_SKT_4937,MIG
2012_SKT_4940,MIG
2012_SKT_4941,BWR
2012_SKT_4944,MIG
2012_SKT_4947,FWR
2012_SKT_4950,MIG
2012_SKT_4954,FWR
2012_SKT_4957,MIG
2012_SKT_4960,MIG
2012_SKT_4963,MIG
2012_SKT_4966,MIG
2012_SKT_4969,MIG
2012_SKT_4970,MIG
2012_SKT_4986,MIG
2012_SKT_4990,MIG
2012_SKT_4997,MIG
2011_SKT_0005,MIG
2011_SKT_0050,MIG
2012_SKT_5004,MIG
2012_SKT_5005,BWR
2012_SKT_5008,BWR
2012_SKT_5017,MIG
2012_SKT_5027,MIG
2012_SKT_5031,MIG
2012_SKT_5033,MIG
2012_SKT_5075,FWR
2012_SKT_5078,FWR
2012_SKT_5081,MIG
2012_SKT_5084,MIG
2012_SKT_5087,FWR
2012_SKT_5090,MIG
2012_SKT_5095,MIG
2012_SKT_5097,MIG
2012_SKT_5098,MIG
2011_SKT_0051,FWR
2012_SKT_5103,MIG
2012_SKT_5106,MIG
2012_SKT_5113,MIG
2012_SKT_5116,FWR
2012_SKT_5119,MIG
2012_SKT_5121,MIG
2011_SKT_0052,FWR
2011_SKT_0053,MIG
2011_SKT_0055,MIG
2011_SKT_0056,FWR
2011_SKT_0057,FWR
2011_SKT_0058,FWR
2011_SKT_0059,FWR
2011_SKT_0060,FWR
2011_SKT_0061,FWR
2011_SKT_0062,MIG
2011_SKT_0063,FWR
2011_SKT_0064,FWR
2011_SKT_0065,FWR
2011_SKT_0066,FWR
2011_SKT_0067,MIG
2011_SKT_0068,MIG
2011_SKT_0069,FWR
2011_SKT_0070,MIG
2011_SKT_0071,FWR
2011_SKT_0072,FWR
2011_SKT_0073,MIG
2011_SKT_0074,FWR
2011_SKT_0075,FWR
2011_SKT_0076,FWR
2011_SKT_0077,FWR
2011_SKT_0079,FWR
2011_SKT_0008,FWR
2011_SKT_0080,FWR
2011_SKT_0081,FWR
2011_SKT_0082,FWR
2011_SKT_0083,FWR
2011_SKT_0084,FWR
2011_SKT_0086,BWR
2011_SKT_0009,MIG
2014_SKT_0600,FWR
2014_SKT_0597,FWR
2014_SKT_0011,MIG
2014_SKT_0006,MIG
2014_SKT_0090,FWR
2014_SKT_0001,MIG
2014_SKT_0591,FWR
2014_SKT_0003,MIG
2014_SKT_0593,FWR
2014_SKT_0584,FWR
2014_SKT_0581,MIG
2014_SKT_0598,MIG
2014_SKT_0595,FWR
2014_SKT_0007,MIG
2014_SKT_0005,MIG
2014_SKT_0592,MIG
2014_SKT_0009,MIG
2014_SKT_0585,FWR
2014_SKT_0583,MIG
2014_SKT_0588,MIG
2014_SKT_0599,FWR
2014_SKT_0010,MIG
2014_SKT_0589,MIG
2014_SKT_0582,FWR
2014_SKT_0002,MIG
2014_SKT_0596,MIG
2014_SKT_0594,MIG
2014_SKT_0516,FWR
2014_SKT_0541,FWR
2014_SKT_0578,MIG
2014_SKT_0502,MIG
2014_SKT_0549,MIG
2014_SKT_0518,FWR
2014_SKT_0520,MIG
2014_SKT_0508,MIG
2014_SKT_0544,FWR
2014_SKT_0529,MIG
2014_SKT_0173,MIG
2014_SKT_0179,MIG
2014_SKT_0580,MIG
2014_SKT_0568,MIG
2014_SKT_0562,MIG
2014_SKT_0554,MIG
2014_SKT_0567,MIG
2014_SKT_0559,MIG
2014_SKT_0132,MIG
2014_SKT_0331,MIG
2014_SKT_0189,MIG
2014_SKT_0112,MIG
2014_SKT_0102,MIG
2014_SKT_0103,MIG
2014_SKT_0182,MIG
2014_SKT_0347,MIG
2014_SKT_0141,MIG
2014_SKT_0115,MIG
2014_SKT_0129,MIG
2014_SKT_0116,MIG
2014_SKT_0162,MIG
2014_SKT_0144,MIG
2014_SKT_0343,MIG
2014_SKT_0105,MIG
2014_SKT_0149,MIG
2014_SKT_0126,MIG
2014_SKT_0164,MIG
2014_SKT_0348,MIG
2014_SKT_0104,MIG
2014_SKT_0191,MIG
2014_SKT_0166,MIG
2014_SKT_0138,MIG
2014_SKT_0168,MIG
2014_SKT_0310,MIG
2014_SKT_0151,MIG
2014_SKT_0145,FWR
2014_SKT_0146,MIG
2014_SKT_0357,BWR
2014_SKT_0396,MIG
2014_SKT_0389,MIG
2014_SKT_0393,MIG
2014_SKT_0388,MIG
2014_SKT_0371,MIG
2014_SKT_0395,BWR
2014_SKT_0362,MIG
2014_SKT_0364,BWR
2014_SKT_0383,MIG
2014_SKT_0367,MIG
2014_SKT_0366,MIG
2014_SKT_0384,MIG
2014_SKT_0356,MIG
2014_SKT_0379,MIG
2014_SKT_0375,MIG
2014_SKT_0392,BWR
2014_SKT_0376,MIG
2014_SKT_0381,MIG
2014_SKT_0398,BWR
2014_SKT_0363,FWR
2014_SKT_0374,BWR
2014_SKT_0370,MIG
2014_SKT_0354,MIG
2014_SKT_0380,MIG
2014_SKT_0377,MIG
2014_SKT_0385,MIG
2014_SKT_0369,MIG
2014_SKT_0373,MIG
2014_SKT_0387,MIG
2014_SKT_0361,MIG
2014_SKT_0365,MIG
2014_SKT_0352,BWR
2014_SKT_0368,MIG
2014_SKT_0391,MIG
2014_SKT_0353,MIG
2014_SKT_0359,MIG
2014_SKT_0390,MIG
2014_SKT_0360,MIG
2014_SKT_0378,MIG
2014_SKT_0394,MIG
2014_SKT_0372,MIG
2014_SKT_0338,MIG
2014_SKT_0120,MIG
2014_SKT_0123,MIG
2014_SKT_0382,MIG
2014_SKT_0355,MIG
2014_SKT_0140,MIG
2014_SKT_0346,MIG
2014_SKT_0397,MIG
2014_SKT_0111,MIG
2014_SKT_0386,MIG
2014_SKT_0336,MIG
2014_SKT_0107,MIG
2014_SKT_0130,MIG
2014_SKT_0340,MIG
2014_SKT_0341,MIG
2014_SKT_0125,MIG
2014_SKT_0135,MIG
2014_SKT_0344,MIG
2014_SKT_0113,MIG
2014_SKT_0181,MIG
2014_SKT_0134,MIG
2014_SKT_0101,MIG
2014_SKT_0351,MIG
2014_SKT_0110,MIG
2014_SKT_0118,MIG
2014_SKT_0128,MIG
2014_SKT_0148,MIG
2014_SKT_0114,MIG
2014_SKT_0150,MIG
2014_SKT_0342,MIG
2014_SKT_0570,MIG
2014_SKT_0571,MIG
2014_SKT_0576,MIG
2014_SKT_0573,MIG
2015_SKT_1000,MIG
2015_SKT_1004,MIG
2015_SKT_1008,MIG
2015_SKT_1012,MIG
2015_SKT_1001,MIG
2015_SKT_1005,MIG
2015_SKT_1009,MIG
2015_SKT_1013,MIG
2015_SKT_7063,MIG
2015_SKT_1002,MIG
2015_SKT_1006,MIG
2015_SKT_1010,MIG
2015_SKT_1014,MIG
2015_SKT_7064,MIG
2015_SKT_1007,MIG
2015_SKT_1011,MIG
2015_SKT_7061,FWR
2015_SKT_7065,MIG
2015_SKT_7066,MIG
2015_SKT_7070,MIG
2015_SKT_7074,MIG
2015_SKT_7078,MIG
2015_SKT_7082,FWR
2015_SKT_7068,MIG
2015_SKT_7071,MIG
2015_SKT_7075,MIG
2015_SKT_7079,MIG
2015_SKT_7069,MIG
2015_SKT_7076,MIG
2015_SKT_7080,MIG
2015_SKT_7084,FWR
2015_SKT_7067,MIG
2015_SKT_7073,MIG
2015_SKT_7077,MIG
2015_SKT_7081,MIG
2015_SKT_7085,MIG
2015_SKT_7086,MIG
2015_SKT_7090,MIG
2015_SKT_7094,MIG
2015_SKT_7099,MIG
2015_SKT_7103,MIG
2015_SKT_7109,MIG
2015_SKT_7087,MIG
2015_SKT_7091,MIG
2015_SKT_7095,FWR
2015_SKT_7100,BWR
2015_SKT_7105,MIG
2015_SKT_7110,MIG
2015_SKT_7088,MIG
2015_SKT_7092,MIG
2015_SKT_7096,FWR
2015_SKT_7101,MIG
2015_SKT_7106,MIG
2015_SKT_7111,MIG
2015_SKT_7089,MIG
2015_SKT_7093,MIG
2015_SKT_7097,MIG
2015_SKT_7102,MIG
2015_SKT_7107,MIG
2015_SKT_7112,MIG
2015_SKT_7113,MIG
2015_SKT_7117,MIG
2015_SKT_7121,MIG
2015_SKT_7125,MIG
2015_SKT_7129,MIG
2015_SKT_7135,FWR
2015_SKT_7114,MIG
2015_SKT_7118,MIG
2015_SKT_7122,FWR
2015_SKT_7126,MIG
2015_SKT_7130,MIG
2015_SKT_7136,MIG
2015_SKT_7115,MIG
2015_SKT_7119,MIG
2015_SKT_7123,MIG
2015_SKT_7127,MIG
2015_SKT_7133,FWR
2015_SKT_7137,MIG
2015_SKT_7116,MIG
2015_SKT_7120,MIG
2015_SKT_7124,MIG
2015_SKT_7128,MIG
2015_SKT_7134,MIG
2015_SKT_7138,MIG
2015_SKT_7140,MIG
2015_SKT_7144,MIG
2015_SKT_7148,MIG
2015_SKT_7152,MIG
2015_SKT_7156,MIG
2015_SKT_7160,MIG
2015_SKT_7141,MIG
2015_SKT_7145,FWR
2015_SKT_7149,MIG
2015_SKT_7153,MIG
2015_SKT_7157,MIG
2015_SKT_7161,MIG
2015_SKT_7142,MIG
2015_SKT_7146,MIG
2015_SKT_7150,BWR
2015_SKT_7154,MIG
2015_SKT_7158,MIG
2015_SKT_7162,MIG
2015_SKT_7143,BWR
2015_SKT_7147,MIG
2015_SKT_7151,MIG
2015_SKT_7155,MIG
2015_SKT_7159,MIG
2015_SKT_7163,MIG
2015_SKT_7164,MIG
2015_SKT_7168,MIG
2015_SKT_7169,FWR
2015_SKT_7166,MIG
2015_SKT_7167,BWR
